{
  "hypothesis": "Multi-Physics Informed RL",
  "timestamp": "2025-08-18T14:48:18.590048",
  "baseline_results": {
    "sim_to_real_gap": [
      1.0496714153011233,
      0.9861735698828815,
      1.0647688538100692,
      1.1523029856408025,
      0.9765846625276664,
      0.976586304305082,
      1.1579212815507391,
      1.076743472915291,
      0.9530525614065047,
      1.0542560043585965
    ],
    "prediction_accuracy": [
      0.7438534199606279,
      0.74367307922152,
      0.7988730571821507,
      0.6307641409166918,
      0.6454564090639834,
      0.7361415727192041,
      0.700999172613915,
      0.8045112919424314,
      0.7091741221093456,
      0.6698403112958473
    ],
    "computational_efficiency": [
      1.1465648768921555,
      0.9774223699513465,
      1.0067528204687923,
      0.8575251813786543,
      0.9455617275474817,
      1.0110922589709865,
      0.8849006422577697,
      1.0375698018345672,
      0.9399361310081195,
      0.9708306250206723
    ]
  },
  "novel_results": {
    "sim_to_real_gap": [
      1.2247103928330905,
      1.1127857824530565,
      1.1636637018183529,
      1.1486481025175452,
      1.282375041222876,
      1.1603510416977862,
      1.2478261041107792,
      1.3929791277669106,
      1.3212347082736948,
      1.157835373740707
    ],
    "prediction_accuracy": [
      1.4788454371811408,
      1.5764032961749257,
      1.3179571218105812,
      1.4161014369672058,
      1.5809773919996968,
      1.5058735459570172,
      1.7564673834508735,
      1.4457478977414995,
      1.3936206321573517,
      1.4127513318118265
    ],
    "computational_efficiency": [
      1.8020218373563865,
      1.776840525192127,
      2.1211717894317994,
      1.7425273365323246,
      1.8078400171244984,
      1.9273221813880972,
      1.7844507991666176,
      1.8800074057322622,
      1.8568665555768256,
      1.9205575232612109
    ]
  },
  "statistical_analysis": {
    "metrics_analysis": {
      "sim_to_real_gap": {
        "baseline_mean": 1.0448061111698757,
        "novel_mean": 1.2212409376434796,
        "improvement": 0.16886848630321358,
        "p_value": 0.0001283950956969704,
        "effect_size": 2.1692909932354176,
        "significant": "True",
        "meets_criteria": "False"
      },
      "prediction_accuracy": {
        "baseline_mean": 0.7183286577025718,
        "novel_mean": 1.4884745475252117,
        "improvement": 1.07213582747178,
        "p_value": 7.936504573319724e-13,
        "effect_size": 7.910465925069243,
        "significant": "True",
        "meets_criteria": "True"
      },
      "computational_efficiency": {
        "baseline_mean": 0.9778156435330546,
        "novel_mean": 1.8619605970762152,
        "improvement": 0.9042041405152386,
        "p_value": 6.789093177663059e-14,
        "effect_size": 9.12720082067779,
        "significant": "True",
        "meets_criteria": "True"
      }
    },
    "overall_p_value": 4.279836551950393e-05,
    "significant_improvement": false,
    "effect_sizes": {},
    "publication_ready": false
  },
  "success": false,
  "publication_ready": false
}