{
  "hypothesis": "Neuromorphic Adaptation Networks",
  "timestamp": "2025-08-18T14:48:18.586692",
  "baseline_results": {
    "adaptation_time": [
      1.0496714153011233,
      0.9861735698828815,
      1.0647688538100692,
      1.1523029856408025,
      0.9765846625276664,
      0.976586304305082,
      1.1579212815507391,
      1.076743472915291,
      0.9530525614065047,
      1.0542560043585965
    ],
    "energy_efficiency": [
      0.9536582307187538,
      0.9534270246429744,
      1.0241962271566034,
      0.8086719755342202,
      0.8275082167486967,
      0.9437712470759028,
      0.8987168879665576,
      1.0314247332595274,
      0.9091975924478789,
      0.8587696298664709
    ],
    "robustness": [
      0.8599236576691166,
      0.7330667774635098,
      0.7550646153515943,
      0.6431438860339908,
      0.7091712956606113,
      0.75831919422824,
      0.6636754816933272,
      0.7781773513759254,
      0.7049520982560896,
      0.7281229687655042
    ]
  },
  "novel_results": {
    "adaptation_time": [
      0.5102959970137877,
      0.46366074268877355,
      0.48485987575764705,
      0.4786033760489772,
      0.534322933842865,
      0.4834796007074109,
      0.5199275433794913,
      0.5804079699028795,
      0.5505144617807062,
      0.48243140572529464
    ],
    "energy_efficiency": [
      1.555655949697453,
      1.6582809164233276,
      1.386411173502255,
      1.489653056638744,
      1.663092588559839,
      1.584087885293378,
      1.8476974447872438,
      1.5208393401619984,
      1.4660046097644728,
      1.4861289486514941
    ],
    "robustness": [
      1.4266006212404725,
      1.4066654157771004,
      1.6792609999668406,
      1.3795008080880902,
      1.431206680223561,
      1.5257967269322434,
      1.4126902160069053,
      1.4883391962047072,
      1.47001935649832,
      1.5204413725817918
    ]
  },
  "statistical_analysis": {
    "metrics_analysis": {
      "adaptation_time": {
        "baseline_mean": 1.0448061111698757,
        "novel_mean": 0.5088503906847832,
        "improvement": -0.5129714640403277,
        "p_value": 4.746244822779725e-14,
        "effect_size": -9.317964085613303,
        "significant": "True",
        "meets_criteria": "True"
      },
      "energy_efficiency": {
        "baseline_mean": 0.9209341765417586,
        "novel_mean": 1.5657851913480205,
        "improvement": 0.7002140122845382,
        "p_value": 7.478808025247288e-11,
        "effect_size": 6.034068493214084,
        "significant": "True",
        "meets_criteria": "True"
      },
      "robustness": {
        "baseline_mean": 0.733361732649791,
        "novel_mean": 1.4740521393520032,
        "improvement": 1.0099932594327512,
        "p_value": 1.849280863139706e-14,
        "effect_size": 9.838068708156218,
        "significant": "True",
        "meets_criteria": "True"
      }
    },
    "overall_p_value": 2.4951345169777356e-11,
    "significant_improvement": true,
    "effect_sizes": {},
    "publication_ready": true
  },
  "success": true,
  "publication_ready": true
}