{
  "hypothesis": "Quantum-Enhanced Causal Discovery",
  "timestamp": "2025-08-18T14:48:18.583131",
  "baseline_results": {
    "learning_speed": [
      1.0496714153011233,
      0.9861735698828815,
      1.0647688538100692,
      1.1523029856408025,
      0.9765846625276664,
      0.976586304305082,
      1.1579212815507391,
      1.076743472915291,
      0.9530525614065047,
      1.0542560043585965
    ],
    "policy_stability": [
      0.7819997491893781,
      0.7818101602072389,
      0.8398409062684148,
      0.6631110199380605,
      0.6785567377339312,
      0.7738924226022402,
      0.7369478481325772,
      0.8457682812728124,
      0.7455420258072607,
      0.704191096490506
    ],
    "sample_efficiency": [
      1.1465648768921555,
      0.9774223699513465,
      1.0067528204687923,
      0.8575251813786543,
      0.9455617275474817,
      1.0110922589709865,
      0.8849006422577697,
      1.0375698018345672,
      0.9399361310081195,
      0.9708306250206723
    ]
  },
  "novel_results": {
    "learning_speed": [
      0.6123551964165452,
      0.5563928912265282,
      0.5818318509091764,
      0.5743240512587726,
      0.641187520611438,
      0.5801755208488931,
      0.6239130520553896,
      0.6964895638834553,
      0.6606173541368474,
      0.5789176868703535
    ],
    "policy_stability": [
      1.5546836647288917,
      1.657244490850563,
      1.385544666518816,
      1.4887220234783447,
      1.662053155691989,
      1.5830978303650693,
      1.8465426338842517,
      1.519888815574397,
      1.46508835688337,
      1.4852001180585868
    ],
    "sample_efficiency": [
      1.3014602158685014,
      1.2832737126387586,
      1.5319574034785217,
      1.2584919652733455,
      1.3056622345899156,
      1.3919549087802925,
      1.2887700216203348,
      1.3577831263621893,
      1.3410702901388185,
      1.387069322355319
    ]
  },
  "statistical_analysis": {
    "metrics_analysis": {
      "learning_speed": {
        "baseline_mean": 1.0448061111698757,
        "novel_mean": 0.6106204688217398,
        "improvement": -0.4155657568483932,
        "p_value": 3.7232886169602136e-12,
        "effect_size": -7.22235653010894,
        "significant": "True",
        "meets_criteria": "True"
      },
      "policy_stability": {
        "baseline_mean": 0.755166024764242,
        "novel_mean": 1.5648065756034282,
        "improvement": 1.0721358274717812,
        "p_value": 7.93650457331961e-13,
        "effect_size": 7.910465925069246,
        "significant": "True",
        "meets_criteria": "True"
      },
      "sample_efficiency": {
        "baseline_mean": 0.9778156435330546,
        "novel_mean": 1.3447493201105998,
        "improvement": 0.3752585459276722,
        "p_value": 6.646101584758623e-09,
        "effect_size": 4.55859641510373,
        "significant": "True",
        "meets_criteria": "True"
      }
    },
    "overall_p_value": 2.216872841277638e-09,
    "significant_improvement": true,
    "effect_sizes": {},
    "publication_ready": true
  },
  "success": true,
  "publication_ready": true
}